application_id,destination_country,visa_type,nationality,application_date,decision_date,processing_time_days,processing_time_weeks,visa_status,processing_center,biometric_required,interview_required,application_mode
VISA00001,Australia,Tourist,Nigeria,2022-10-16,2022-11-22,37.0,5.29,Approved,Abuja,Yes,Yes,Online
VISA00002,Australia,Student,India,2022-03-12,2022-05-19,68.0,9.71,Approved,Chennai,Yes,No,
VISA00003,Australia,Tourist,Brazil,2022-02-04,,,,Pending,Sao Paulo,No,Yes,
VISA00004,Canada,Work,Bangladesh,2022-04-01,2022-06-13,73.0,10.43,Approved,Dhaka,Yes,No,Offline
VISA00005,Canada,Student,Philippines,2022-02-08,2022-04-18,69.0,9.86,Approved,Manila,Yes,Yes,
VISA00006,USA,Work,Brazil,2023-05-03,2023-06-18,46.0,6.57,Approved,Sao Paulo,Yes,No,Offline
VISA00007,Australia,Work,Bangladesh,2022-11-22,,,,Pending,Dhaka,No,Yes,Online
VISA00008,USA,Student,Nigeria,2023-05-19,2023-07-23,65.0,9.29,Approved,Abuja,No,Yes,Online
VISA00009,UK,Work,China,2022-12-07,2023-01-28,52.0,7.43,Approved,Beijing,Yes,Yes,Online
VISA00010,Australia,Tourist,India,2023-01-19,2023-02-15,27.0,3.86,Approved,Mumbai,Yes,No,Online
VISA00011,UK,Student,China,2023-05-18,2023-07-13,56.0,8.0,Approved,Beijing,Yes,Yes,
VISA00012,Australia,Work,India,2023-05-10,2023-06-14,35.0,5.0,Approved,Bengaluru,No,Yes,Offline
VISA00013,Australia,Tourist,Nigeria,2022-03-13,,,,Pending,Lagos,Yes,Yes,
VISA00014,USA,Tourist,China,2022-09-16,2022-11-23,68.0,9.71,Approved,Shanghai,No,Yes,Online
VISA00015,Canada,Tourist,Brazil,2023-01-13,2023-03-02,48.0,6.86,Approved,Sao Paulo,No,No,Online
VISA00016,Canada,Work,Pakistan,2022-01-11,2022-02-02,22.0,3.14,Approved,Lahore,No,Yes,
VISA00017,Australia,Student,Philippines,2022-05-22,2022-06-20,29.0,4.14,Approved,Manila,Yes,Yes,
VISA00018,USA,Tourist,Philippines,2022-05-02,2022-06-02,31.0,4.43,Rejected,Manila,No,No,Offline
VISA00019,Canada,Student,Nigeria,2022-07-08,,,,Pending,Lagos,Yes,Yes,Online
VISA00020,USA,Work,Philippines,2023-02-12,2023-03-17,33.0,4.71,Rejected,Manila,No,Yes,Online
VISA00021,UK,Tourist,Philippines,2022-10-30,2023-01-03,65.0,9.29,Rejected,Manila,No,Yes,
VISA00022,UK,Tourist,Pakistan,2023-06-14,2023-08-11,58.0,8.29,Approved,Islamabad,Yes,Yes,
VISA00023,Canada,Student,Brazil,2022-12-30,2023-03-02,62.0,8.86,Approved,Sao Paulo,Yes,Yes,
VISA00024,USA,Work,Brazil,2023-03-30,2023-05-26,57.0,8.14,Approved,Sao Paulo,Yes,Yes,Online
VISA00025,USA,Tourist,India,2022-09-10,2022-11-11,62.0,8.86,Approved,Bengaluru,No,No,Online
VISA00026,UK,Tourist,Philippines,2023-05-14,2023-07-25,72.0,10.29,Approved,Manila,Yes,Yes,Offline
VISA00027,UK,Tourist,Nigeria,2022-08-10,2022-10-03,54.0,7.71,Rejected,Abuja,No,Yes,Offline
VISA00028,UK,Tourist,Philippines,2023-01-27,2023-04-12,75.0,10.71,Rejected,Manila,Yes,Yes,Offline
VISA00029,Australia,Tourist,Nigeria,2022-05-29,2022-06-27,29.0,4.14,Approved,Abuja,No,No,
VISA00030,USA,Work,China,2022-06-20,2022-08-01,42.0,6.0,Rejected,Shanghai,No,Yes,Offline
VISA00031,UK,Student,India,2023-06-12,2023-08-19,68.0,9.71,Approved,New Delhi,Yes,Yes,
VISA00032,Australia,Work,China,2022-06-10,,,,Pending,Shanghai,No,No,Offline
VISA00033,Canada,Student,Pakistan,2023-01-29,2023-02-21,23.0,3.29,Rejected,Lahore,Yes,No,
VISA00034,USA,Tourist,Brazil,2022-03-18,2022-04-14,27.0,3.86,Approved,Sao Paulo,No,No,Online
VISA00035,Canada,Student,India,2022-04-07,,,,Pending,Hyderabad,No,No,Online
VISA00036,Canada,Student,Bangladesh,2023-03-19,2023-04-09,21.0,3.0,Approved,Dhaka,No,No,
VISA00037,Australia,Work,Nigeria,2022-01-19,2022-02-10,22.0,3.14,Rejected,Lagos,Yes,Yes,Online
VISA00038,Australia,Work,Philippines,2022-12-13,2023-01-13,31.0,4.43,Approved,Manila,No,Yes,Online
VISA00039,Canada,Work,China,2023-06-09,2023-08-18,70.0,10.0,Approved,Beijing,No,No,Online
VISA00040,Australia,Student,Nigeria,2022-10-09,2022-12-12,64.0,9.14,Rejected,Lagos,Yes,Yes,Online
VISA00041,Australia,Work,Bangladesh,2022-07-23,2022-10-02,71.0,10.14,Rejected,Dhaka,Yes,No,Online
VISA00042,UK,Work,Nigeria,2022-06-28,2022-08-04,37.0,5.29,Approved,Lagos,No,Yes,Offline
VISA00043,UK,Tourist,Brazil,2022-02-26,2022-04-30,63.0,9.0,Approved,Sao Paulo,Yes,No,Offline
VISA00044,UK,Student,Nigeria,2022-01-12,,,,Pending,Abuja,No,Yes,Offline
VISA00045,Canada,Student,China,2023-05-28,,,,Pending,Beijing,Yes,No,Offline
VISA00046,USA,Tourist,China,2022-09-03,2022-10-08,35.0,5.0,Approved,Shanghai,No,Yes,Online
VISA00047,Canada,Work,Philippines,2022-04-20,2022-06-15,56.0,8.0,Approved,Manila,No,Yes,Online
VISA00048,Australia,Work,Nigeria,2023-05-22,2023-07-22,61.0,8.71,Rejected,Abuja,Yes,No,Offline
VISA00049,Australia,Student,Nigeria,2022-09-29,2022-12-16,78.0,11.14,Approved,Abuja,Yes,No,
VISA00050,Canada,Work,Philippines,2022-08-13,,,,Pending,Manila,Yes,No,Online
VISA00051,UK,Tourist,India,2023-04-14,2023-05-12,28.0,4.0,Approved,Hyderabad,No,Yes,Online
VISA00052,Australia,Tourist,Bangladesh,2022-12-08,2023-01-27,50.0,7.14,Approved,Dhaka,No,Yes,Offline
VISA00053,UK,Student,Brazil,2022-09-14,2022-10-27,43.0,6.14,Rejected,Sao Paulo,Yes,No,Online
VISA00054,Canada,Student,China,2022-05-14,2022-07-24,71.0,10.14,Approved,Shanghai,No,Yes,
VISA00055,Australia,Tourist,Nigeria,2023-05-23,2023-07-27,65.0,9.29,Approved,Lagos,No,Yes,Online
VISA00056,UK,Work,Brazil,2022-03-01,2022-05-06,66.0,9.43,Approved,Sao Paulo,Yes,Yes,
VISA00057,Canada,Work,China,2023-03-31,2023-05-26,56.0,8.0,Approved,Beijing,No,Yes,
VISA00058,UK,Tourist,Bangladesh,2023-02-16,2023-04-11,54.0,7.71,Rejected,Dhaka,No,Yes,Offline
VISA00059,USA,Tourist,Brazil,2023-04-11,2023-06-27,77.0,11.0,Rejected,Sao Paulo,Yes,No,Offline
VISA00060,USA,Student,Nigeria,2022-10-05,2022-11-18,44.0,6.29,Approved,Lagos,Yes,No,Online
VISA00061,USA,Student,Nigeria,2022-06-11,2022-07-22,41.0,5.86,Rejected,Lagos,Yes,Yes,
VISA00062,USA,Student,Philippines,2022-07-28,2022-09-06,40.0,5.71,Rejected,Manila,Yes,Yes,Online
VISA00063,Canada,Tourist,Pakistan,2022-07-28,2022-10-08,72.0,10.29,Approved,Islamabad,Yes,No,Offline
VISA00064,Australia,Tourist,Bangladesh,2022-02-05,2022-03-02,25.0,3.57,Approved,Dhaka,No,Yes,Online
VISA00065,UK,Student,China,2023-04-29,2023-06-15,47.0,6.71,Rejected,Beijing,No,No,Offline
VISA00066,UK,Work,China,2023-02-03,,,,Pending,Shanghai,Yes,Yes,Offline
VISA00067,Australia,Work,Pakistan,2022-11-29,2022-12-26,27.0,3.86,Rejected,Islamabad,No,No,Online
VISA00068,Canada,Tourist,Bangladesh,2022-02-20,2022-05-06,75.0,10.71,Approved,Dhaka,Yes,No,Online
VISA00069,Canada,Work,Pakistan,2022-02-17,2022-03-31,42.0,6.0,Approved,Lahore,No,Yes,Online
VISA00070,Canada,Student,Philippines,2022-02-02,2022-03-03,29.0,4.14,Approved,Manila,Yes,No,Online
VISA00071,Australia,Tourist,China,2022-07-14,2022-09-09,57.0,8.14,Approved,Shanghai,No,No,Online
VISA00072,Canada,Tourist,Bangladesh,2022-10-22,2023-01-03,73.0,10.43,Rejected,Dhaka,Yes,Yes,Online
VISA00073,UK,Student,China,2023-01-24,2023-03-29,64.0,9.14,Rejected,Shanghai,No,Yes,
VISA00074,UK,Tourist,Pakistan,2022-08-05,2022-09-27,53.0,7.57,Rejected,Lahore,Yes,Yes,Online
VISA00075,Canada,Student,Nigeria,2023-05-27,2023-07-30,64.0,9.14,Rejected,Abuja,Yes,No,Offline
VISA00076,Canada,Student,China,2023-06-16,2023-07-08,22.0,3.14,Approved,Shanghai,Yes,No,Online
VISA00077,USA,Tourist,Brazil,2022-03-18,2022-04-15,28.0,4.0,Rejected,Sao Paulo,No,No,
VISA00078,Australia,Work,Bangladesh,2022-04-29,2022-05-22,23.0,3.29,Approved,Dhaka,No,No,
VISA00079,Canada,Student,Bangladesh,2022-12-20,2023-02-17,59.0,8.43,Rejected,Dhaka,Yes,Yes,Offline
VISA00080,USA,Tourist,Brazil,2022-12-15,2023-02-27,74.0,10.57,Approved,Sao Paulo,Yes,Yes,Online
VISA00081,Canada,Student,Brazil,2022-11-29,2023-01-20,52.0,7.43,Approved,Sao Paulo,No,Yes,
VISA00082,USA,Work,Brazil,2022-06-27,,,,Pending,Sao Paulo,No,No,Offline
VISA00083,Australia,Student,Nigeria,2022-10-31,2023-01-02,63.0,9.0,Rejected,Abuja,No,No,Online
VISA00084,Canada,Work,Bangladesh,2022-03-27,2022-06-13,78.0,11.14,Approved,Dhaka,Yes,Yes,
VISA00085,USA,Student,Pakistan,2023-01-25,,,,Pending,Lahore,No,Yes,
VISA00086,USA,Tourist,India,2022-02-01,,,,Pending,Hyderabad,Yes,Yes,
VISA00087,USA,Work,India,2023-02-22,2023-04-26,63.0,9.0,Approved,Bengaluru,No,No,Online
VISA00088,Canada,Student,Pakistan,2022-11-06,2023-01-19,74.0,10.57,Approved,Lahore,No,No,
VISA00089,Australia,Student,Bangladesh,2022-04-29,2022-06-17,49.0,7.0,Approved,Dhaka,Yes,Yes,Offline
VISA00090,UK,Tourist,Bangladesh,2023-06-12,2023-08-07,56.0,8.0,Rejected,Dhaka,No,No,Online
VISA00091,UK,Student,China,2023-05-10,2023-07-11,62.0,8.86,Approved,Shanghai,No,Yes,
VISA00092,USA,Work,Nigeria,2022-07-09,2022-09-21,74.0,10.57,Approved,Lagos,No,Yes,
VISA00093,USA,Tourist,Bangladesh,2022-10-28,2022-11-23,26.0,3.71,Approved,Dhaka,Yes,Yes,
VISA00094,Australia,Tourist,Brazil,2023-03-06,,,,Pending,Sao Paulo,No,No,
VISA00095,Australia,Work,China,2022-07-16,2022-08-26,41.0,5.86,Approved,Beijing,Yes,No,
VISA00096,Australia,Student,China,2022-10-17,2023-01-02,77.0,11.0,Approved,Shanghai,No,No,Offline
VISA00097,USA,Student,Bangladesh,2022-09-28,2022-12-20,83.0,11.86,Rejected,Dhaka,Yes,No,
VISA00098,Canada,Tourist,Brazil,2022-06-26,2022-08-22,57.0,8.14,Approved,Sao Paulo,Yes,Yes,Online
VISA00099,Canada,Work,Brazil,2022-06-22,,,,Pending,Sao Paulo,No,No,Online
VISA00100,Canada,Work,Nigeria,2023-01-25,2023-03-10,44.0,6.29,Rejected,Lagos,No,No,Online
VISA00101,Canada,Student,China,2022-04-12,2022-05-17,35.0,5.0,Approved,Beijing,No,No,
VISA00102,UK,Work,Philippines,2022-03-28,2022-06-08,72.0,10.29,Rejected,Manila,Yes,No,Online
VISA00103,USA,Work,Bangladesh,2022-11-23,2023-01-16,54.0,7.71,Rejected,Dhaka,No,No,Offline
VISA00104,Australia,Work,Pakistan,2022-09-07,2022-10-06,29.0,4.14,Rejected,Islamabad,Yes,No,Offline
VISA00105,Canada,Work,Bangladesh,2023-03-22,2023-04-29,38.0,5.43,Approved,Dhaka,No,No,Offline
VISA00106,USA,Student,China,2022-04-03,,,,Pending,Shanghai,Yes,No,
VISA00107,Australia,Student,Philippines,2022-12-04,2023-01-27,54.0,7.71,Approved,Manila,Yes,Yes,
VISA00108,Canada,Tourist,China,2023-01-16,2023-03-12,55.0,7.86,Rejected,Beijing,No,No,Online
VISA00109,USA,Tourist,Pakistan,2023-02-13,,,,Pending,Islamabad,No,Yes,Offline
VISA00110,Canada,Tourist,Brazil,2022-10-10,2022-10-27,17.0,2.43,Rejected,Sao Paulo,Yes,Yes,Offline
VISA00111,Canada,Work,Pakistan,2022-04-24,,,,Pending,Lahore,Yes,No,Online
VISA00112,Australia,Work,China,2023-01-28,2023-02-22,25.0,3.57,Approved,Beijing,No,Yes,Online
VISA00113,USA,Work,Pakistan,2023-05-12,2023-07-13,62.0,8.86,Approved,Islamabad,No,Yes,
VISA00114,USA,Tourist,Brazil,2022-09-26,2022-11-05,40.0,5.71,Rejected,Sao Paulo,Yes,Yes,
VISA00115,UK,Tourist,Nigeria,2023-06-08,2023-07-16,38.0,5.43,Rejected,Lagos,Yes,Yes,Online
VISA00116,USA,Work,Bangladesh,2023-06-21,2023-08-16,56.0,8.0,Approved,Dhaka,Yes,No,
VISA00117,Canada,Tourist,China,2022-12-11,2023-01-11,31.0,4.43,Approved,Shanghai,No,Yes,Online
VISA00118,Australia,Student,Pakistan,2022-09-23,,,,Pending,Islamabad,Yes,Yes,Offline
VISA00119,Canada,Student,Brazil,2022-08-18,2022-10-21,64.0,9.14,Approved,Sao Paulo,Yes,No,Offline
VISA00120,Canada,Tourist,Bangladesh,2022-05-14,2022-06-21,38.0,5.43,Rejected,Dhaka,No,No,Offline
VISA00121,Canada,Work,Philippines,2022-07-07,,,,Pending,Manila,Yes,No,Online
VISA00122,Australia,Student,Pakistan,2022-08-14,2022-09-25,42.0,6.0,Rejected,Lahore,Yes,Yes,
VISA00123,Canada,Student,India,2023-05-21,2023-07-11,51.0,7.29,Rejected,Bengaluru,No,No,
VISA00124,Canada,Student,China,2023-06-14,2023-07-26,42.0,6.0,Approved,Beijing,No,No,Offline
VISA00125,UK,Work,Philippines,2022-01-19,2022-02-21,33.0,4.71,Approved,Manila,Yes,Yes,Offline
VISA00126,UK,Work,Bangladesh,2023-03-30,2023-05-28,59.0,8.43,Approved,Dhaka,No,No,Online
VISA00127,Canada,Student,Brazil,2023-05-18,,,,Pending,Sao Paulo,No,Yes,Online
VISA00128,Australia,Work,Bangladesh,2022-10-27,2023-01-14,79.0,11.29,Approved,Dhaka,No,Yes,Online
VISA00129,Canada,Work,Philippines,2023-06-18,2023-07-27,39.0,5.57,Approved,Manila,No,Yes,Online
VISA00130,Australia,Tourist,China,2022-11-07,2023-01-15,69.0,9.86,Approved,Beijing,Yes,Yes,Online
VISA00131,USA,Work,Nigeria,2023-02-11,2023-03-16,33.0,4.71,Approved,Abuja,Yes,Yes,
VISA00132,USA,Student,Philippines,2022-05-17,2022-07-11,55.0,7.86,Approved,Manila,Yes,Yes,Online
VISA00133,Canada,Tourist,Pakistan,2022-07-21,2022-09-22,63.0,9.0,Approved,Lahore,Yes,No,Online
VISA00134,Australia,Tourist,Philippines,2022-03-10,2022-04-20,41.0,5.86,Rejected,Manila,No,No,Offline
VISA00135,Australia,Student,China,2022-08-16,,,,Pending,Beijing,No,No,
VISA00136,USA,Work,China,2022-10-25,2023-01-11,78.0,11.14,Rejected,Shanghai,No,Yes,
VISA00137,UK,Work,Brazil,2022-08-20,2022-10-21,62.0,8.86,Approved,Sao Paulo,Yes,No,Online
VISA00138,UK,Tourist,Brazil,2023-03-19,2023-05-29,71.0,10.14,Approved,Sao Paulo,Yes,No,Offline
VISA00139,Australia,Student,India,2022-04-16,2022-05-09,23.0,3.29,Approved,Bengaluru,Yes,Yes,Offline
VISA00140,USA,Student,China,2022-09-23,2022-11-19,57.0,8.14,Approved,Shanghai,Yes,No,Online
VISA00141,UK,Student,Philippines,2023-01-18,2023-03-30,71.0,10.14,Rejected,Manila,Yes,No,Online
VISA00142,UK,Work,Pakistan,2022-07-04,2022-07-22,18.0,2.57,Approved,Lahore,Yes,No,Online
VISA00143,USA,Work,Philippines,2022-10-11,2022-11-19,39.0,5.57,Rejected,Manila,No,No,
VISA00144,USA,Student,Nigeria,2023-04-01,2023-06-12,72.0,10.29,Approved,Lagos,No,Yes,Offline
VISA00145,USA,Work,Nigeria,2022-03-09,2022-05-17,69.0,9.86,Approved,Lagos,Yes,No,Online
VISA00146,USA,Work,Pakistan,2022-08-09,2022-11-05,88.0,12.57,Approved,Lahore,Yes,No,
VISA00147,Canada,Tourist,Pakistan,2023-03-24,2023-06-02,70.0,10.0,Approved,Lahore,No,Yes,Offline
VISA00148,UK,Student,Brazil,2022-07-29,,,,Pending,Sao Paulo,Yes,Yes,Online
VISA00149,Canada,Work,Bangladesh,2023-02-03,,,,Pending,Dhaka,Yes,Yes,Online
VISA00150,Australia,Student,Philippines,2022-04-21,2022-06-06,46.0,6.57,Approved,Manila,No,Yes,Online
VISA00151,USA,Student,Bangladesh,2023-01-28,2023-03-23,54.0,7.71,Rejected,Dhaka,Yes,No,
VISA00152,UK,Tourist,Bangladesh,2022-05-29,2022-08-02,65.0,9.29,Rejected,Dhaka,No,No,
VISA00153,UK,Tourist,Philippines,2022-01-29,2022-03-28,58.0,8.29,Approved,Manila,No,No,Offline
VISA00154,UK,Work,India,2022-04-23,,,,Pending,Hyderabad,Yes,No,Offline
VISA00155,Australia,Student,China,2022-08-15,2022-09-16,32.0,4.57,Approved,Shanghai,Yes,Yes,Online
VISA00156,UK,Work,Philippines,2023-02-13,2023-03-24,39.0,5.57,Rejected,Manila,Yes,Yes,
VISA00157,Canada,Student,India,2022-04-03,2022-05-23,50.0,7.14,Approved,Hyderabad,Yes,Yes,Online
VISA00158,Australia,Student,China,2022-08-17,2022-09-28,42.0,6.0,Rejected,Beijing,No,No,Online
VISA00159,Australia,Tourist,Nigeria,2023-03-21,2023-04-21,31.0,4.43,Rejected,Lagos,Yes,Yes,Online
VISA00160,USA,Student,Philippines,2022-03-25,2022-04-23,29.0,4.14,Approved,Manila,No,Yes,Online
VISA00161,USA,Tourist,Nigeria,2023-06-18,2023-08-05,48.0,6.86,Rejected,Lagos,No,Yes,Online
VISA00162,Australia,Work,India,2022-10-16,2022-12-26,71.0,10.14,Approved,New Delhi,No,Yes,
VISA00163,UK,Tourist,Brazil,2022-10-03,2022-11-07,35.0,5.0,Approved,Sao Paulo,No,Yes,Online
VISA00164,USA,Tourist,Nigeria,2022-12-10,2023-01-27,48.0,6.86,Approved,Abuja,Yes,Yes,
VISA00165,UK,Tourist,Philippines,2023-05-22,2023-07-14,53.0,7.57,Approved,Manila,Yes,Yes,Online
VISA00166,USA,Work,Nigeria,2023-02-04,2023-04-11,66.0,9.43,Approved,Abuja,No,No,Online
VISA00167,USA,Student,Philippines,2022-09-20,2022-10-20,30.0,4.29,Approved,Manila,No,No,Online
VISA00168,Canada,Work,Nigeria,2022-02-25,2022-04-18,52.0,7.43,Approved,Lagos,Yes,Yes,Offline
VISA00169,USA,Tourist,Bangladesh,2022-06-28,2022-09-14,78.0,11.14,Approved,Dhaka,Yes,No,Offline
VISA00170,USA,Work,Nigeria,2022-05-22,2022-06-23,32.0,4.57,Approved,Abuja,Yes,Yes,
VISA00171,USA,Tourist,India,2022-02-28,2022-04-03,34.0,4.86,Approved,Chennai,No,Yes,Online
VISA00172,Canada,Student,Brazil,2022-12-02,2023-01-13,42.0,6.0,Approved,Sao Paulo,Yes,Yes,
VISA00173,Australia,Work,India,2022-10-27,2023-01-10,75.0,10.71,Approved,New Delhi,Yes,Yes,Offline
VISA00174,Canada,Tourist,Nigeria,2023-01-02,2023-02-19,48.0,6.86,Approved,Abuja,Yes,Yes,
VISA00175,Australia,Student,Pakistan,2022-04-23,,,,Pending,Lahore,Yes,No,Online
VISA00176,Canada,Work,China,2022-03-03,2022-05-15,73.0,10.43,Rejected,Shanghai,Yes,Yes,Online
VISA00177,Canada,Work,Nigeria,2022-07-05,,,,Pending,Abuja,Yes,Yes,Online
VISA00178,USA,Work,China,2022-06-06,2022-08-08,63.0,9.0,Approved,Shanghai,No,Yes,Offline
VISA00179,USA,Tourist,Philippines,2022-07-20,2022-08-12,23.0,3.29,Approved,Manila,Yes,Yes,Online
VISA00180,Canada,Work,Bangladesh,2023-03-31,,,,Pending,Dhaka,Yes,No,Offline
VISA00181,UK,Student,Bangladesh,2022-05-16,2022-07-08,53.0,7.57,Approved,Dhaka,No,Yes,Offline
VISA00182,Australia,Tourist,Bangladesh,2023-04-08,2023-05-17,39.0,5.57,Approved,Dhaka,Yes,Yes,Offline
VISA00183,Australia,Student,Nigeria,2023-05-08,2023-06-11,34.0,4.86,Rejected,Lagos,No,Yes,
VISA00184,USA,Work,Pakistan,2022-07-28,,,,Pending,Islamabad,Yes,Yes,
VISA00185,Australia,Work,Nigeria,2022-09-13,,,,Pending,Abuja,Yes,Yes,
VISA00186,UK,Tourist,China,2023-02-25,2023-04-17,51.0,7.29,Approved,Beijing,Yes,No,
VISA00187,Australia,Student,Brazil,2022-04-24,,,,Pending,Sao Paulo,No,Yes,Offline
VISA00188,USA,Work,Brazil,2022-02-01,2022-03-13,40.0,5.71,Approved,Sao Paulo,Yes,No,Offline
VISA00189,USA,Tourist,Brazil,2023-06-24,2023-07-31,37.0,5.29,Rejected,Sao Paulo,Yes,Yes,
VISA00190,UK,Tourist,Brazil,2022-01-04,2022-01-21,17.0,2.43,Approved,Sao Paulo,Yes,Yes,Online
VISA00191,USA,Student,China,2023-03-22,2023-05-09,48.0,6.86,Approved,Shanghai,No,Yes,Online
VISA00192,Australia,Tourist,Nigeria,2023-06-19,2023-08-26,68.0,9.71,Approved,Lagos,No,Yes,Online
VISA00193,UK,Work,Nigeria,2022-09-07,2022-10-29,52.0,7.43,Approved,Lagos,No,No,Offline
VISA00194,Canada,Tourist,Nigeria,2022-11-16,2023-01-13,58.0,8.29,Rejected,Abuja,No,Yes,Online
VISA00195,Canada,Work,Brazil,2022-11-16,2023-01-28,73.0,10.43,Rejected,Sao Paulo,No,Yes,Offline
VISA00196,Australia,Tourist,Bangladesh,2023-01-21,2023-03-04,42.0,6.0,Approved,Dhaka,No,No,Online
VISA00197,Canada,Work,Brazil,2022-07-27,2022-08-12,16.0,2.29,Approved,Sao Paulo,No,Yes,
VISA00198,Canada,Student,India,2023-06-24,2023-09-13,81.0,11.57,Approved,Bengaluru,Yes,Yes,
VISA00199,UK,Student,Bangladesh,2023-02-18,2023-03-12,22.0,3.14,Approved,Dhaka,Yes,Yes,Offline
VISA00200,Australia,Work,Nigeria,2023-03-11,,,,Pending,Lagos,Yes,No,Online
VISA00201,Canada,Tourist,Pakistan,2023-03-28,2023-05-05,38.0,5.43,Approved,Islamabad,No,Yes,
VISA00202,Canada,Tourist,India,2023-04-15,2023-05-15,30.0,4.29,Approved,Chennai,No,No,Offline
VISA00203,UK,Work,Nigeria,2022-06-03,2022-06-24,21.0,3.0,Approved,Abuja,Yes,No,
VISA00204,Australia,Tourist,China,2022-07-24,2022-10-10,78.0,11.14,Rejected,Beijing,Yes,Yes,Offline
VISA00205,UK,Work,Pakistan,2022-03-30,,,,Pending,Islamabad,No,No,
VISA00206,USA,Work,India,2022-10-07,2022-11-06,30.0,4.29,Approved,New Delhi,Yes,Yes,
VISA00207,USA,Work,Pakistan,2022-09-05,2022-11-21,77.0,11.0,Approved,Islamabad,Yes,Yes,Offline
VISA00208,Canada,Work,Bangladesh,2022-10-10,,,,Pending,Dhaka,Yes,No,Offline
VISA00209,Canada,Work,Brazil,2022-04-19,2022-06-21,63.0,9.0,Approved,Sao Paulo,Yes,No,
VISA00210,UK,Tourist,Nigeria,2022-09-30,2022-11-13,44.0,6.29,Rejected,Lagos,No,Yes,Offline
VISA00211,UK,Work,Philippines,2023-04-01,2023-05-12,41.0,5.86,Rejected,Manila,Yes,Yes,
VISA00212,Canada,Work,India,2022-04-24,,,,Pending,Hyderabad,Yes,Yes,Online
VISA00213,UK,Student,China,2022-06-12,2022-07-20,38.0,5.43,Approved,Beijing,No,No,
VISA00214,Australia,Work,India,2022-06-12,,,,Pending,Chennai,No,Yes,
VISA00215,Canada,Tourist,India,2022-09-25,2022-10-14,19.0,2.71,Approved,Hyderabad,No,Yes,Online
VISA00216,Australia,Tourist,Philippines,2023-01-26,,,,Pending,Manila,Yes,No,Online
VISA00217,Australia,Tourist,India,2022-04-20,2022-07-12,83.0,11.86,Rejected,Chennai,Yes,No,Online
VISA00218,USA,Student,India,2022-04-25,2022-07-11,77.0,11.0,Rejected,Bengaluru,No,Yes,Online
VISA00219,USA,Tourist,India,2023-05-17,2023-06-06,20.0,2.86,Approved,New Delhi,No,No,
VISA00220,UK,Tourist,Philippines,2023-01-19,2023-03-24,64.0,9.14,Approved,Manila,No,No,
VISA00221,Australia,Tourist,Nigeria,2023-03-19,2023-04-07,19.0,2.71,Rejected,Abuja,Yes,Yes,Offline
VISA00222,Canada,Student,Pakistan,2023-05-23,2023-08-06,75.0,10.71,Rejected,Lahore,Yes,Yes,Online
VISA00223,Australia,Tourist,Philippines,2022-02-02,2022-04-19,76.0,10.86,Approved,Manila,Yes,No,
VISA00224,Australia,Tourist,Pakistan,2022-03-19,2022-04-20,32.0,4.57,Rejected,Islamabad,No,No,
VISA00225,Australia,Tourist,Philippines,2022-05-14,2022-06-24,41.0,5.86,Approved,Manila,No,Yes,Online
VISA00226,Canada,Work,Brazil,2023-02-04,2023-03-06,30.0,4.29,Approved,Sao Paulo,Yes,No,Online
VISA00227,UK,Work,Philippines,2022-03-24,,,,Pending,Manila,No,No,Online
VISA00228,Canada,Work,China,2022-02-16,2022-04-05,48.0,6.86,Rejected,Beijing,Yes,No,Online
VISA00229,UK,Work,Nigeria,2022-07-27,2022-08-25,29.0,4.14,Approved,Abuja,No,Yes,
VISA00230,Canada,Tourist,Bangladesh,2022-09-01,2022-11-25,85.0,12.14,Rejected,Dhaka,No,Yes,
VISA00231,Australia,Work,Brazil,2023-06-17,,,,Pending,Sao Paulo,No,Yes,Offline
VISA00232,USA,Work,Pakistan,2022-03-14,,,,Pending,Lahore,No,No,Online
VISA00233,UK,Student,Bangladesh,2023-02-19,2023-03-23,32.0,4.57,Approved,Dhaka,No,Yes,Offline
VISA00234,Canada,Tourist,Philippines,2022-04-04,2022-06-16,73.0,10.43,Approved,Manila,No,No,Offline
VISA00235,UK,Student,Pakistan,2022-04-19,2022-05-09,20.0,2.86,Approved,Lahore,Yes,No,Offline
VISA00236,Australia,Student,Pakistan,2022-11-11,,,,Pending,Lahore,No,Yes,Online
VISA00237,Australia,Tourist,Nigeria,2022-12-03,,,,Pending,Lagos,No,No,Offline
VISA00238,USA,Tourist,China,2023-06-03,2023-07-07,34.0,4.86,Rejected,Shanghai,Yes,No,Online
VISA00239,Australia,Work,India,2022-02-28,,,,Pending,Chennai,No,Yes,
VISA00240,USA,Work,Brazil,2023-03-18,2023-04-09,22.0,3.14,Rejected,Sao Paulo,No,Yes,Online
VISA00241,USA,Work,Brazil,2023-06-24,2023-08-10,47.0,6.71,Approved,Sao Paulo,No,Yes,Online
VISA00242,UK,Tourist,China,2022-04-26,2022-07-03,68.0,9.71,Rejected,Beijing,No,No,Online
VISA00243,USA,Student,Nigeria,2022-05-25,2022-07-07,43.0,6.14,Approved,Lagos,Yes,Yes,Online
VISA00244,Australia,Work,Brazil,2022-03-26,2022-04-29,34.0,4.86,Approved,Sao Paulo,No,Yes,Offline
VISA00245,UK,Tourist,Bangladesh,2022-09-21,,,,Pending,Dhaka,Yes,No,Offline
VISA00246,USA,Student,Nigeria,2023-05-30,2023-08-16,78.0,11.14,Rejected,Abuja,No,Yes,Offline
VISA00247,Australia,Tourist,China,2022-08-13,,,,Pending,Beijing,Yes,No,Offline
VISA00248,UK,Student,Philippines,2022-05-29,2022-07-13,45.0,6.43,Rejected,Manila,No,Yes,Offline
VISA00249,Canada,Work,India,2023-06-04,2023-06-29,25.0,3.57,Rejected,Bengaluru,No,Yes,Online
VISA00250,UK,Student,Brazil,2022-12-17,,,,Pending,Sao Paulo,No,No,Online
VISA00251,Canada,Student,Pakistan,2023-01-17,2023-03-30,72.0,10.29,Approved,Lahore,Yes,Yes,Offline
VISA00252,Australia,Work,Nigeria,2022-05-16,2022-06-21,36.0,5.14,Approved,Abuja,Yes,No,Offline
VISA00253,Australia,Tourist,Brazil,2022-03-05,2022-04-28,54.0,7.71,Rejected,Sao Paulo,Yes,Yes,Online
VISA00254,Canada,Tourist,Philippines,2022-03-09,2022-04-18,40.0,5.71,Approved,Manila,Yes,Yes,
VISA00255,Canada,Student,India,2023-05-19,2023-07-31,73.0,10.43,Approved,New Delhi,No,Yes,Online
VISA00256,Australia,Student,India,2023-05-01,,,,Pending,Hyderabad,No,Yes,Online
VISA00257,UK,Student,India,2022-10-26,2022-11-23,28.0,4.0,Approved,Hyderabad,Yes,No,Online
VISA00258,Australia,Work,Philippines,2022-01-20,2022-03-13,52.0,7.43,Rejected,Manila,No,No,
VISA00259,Canada,Work,Nigeria,2022-12-07,2023-02-23,78.0,11.14,Rejected,Lagos,Yes,No,Offline
VISA00260,Canada,Tourist,Bangladesh,2022-01-19,2022-03-16,56.0,8.0,Approved,Dhaka,Yes,No,Online
VISA00261,Australia,Work,Philippines,2022-02-21,2022-05-06,74.0,10.57,Approved,Manila,Yes,Yes,Online
VISA00262,UK,Tourist,India,2023-01-22,2023-04-01,69.0,9.86,Approved,Hyderabad,Yes,Yes,
VISA00263,Australia,Work,Philippines,2023-02-28,2023-04-23,54.0,7.71,Rejected,Manila,Yes,No,Online
VISA00264,USA,Tourist,Brazil,2023-02-01,2023-03-09,36.0,5.14,Rejected,Sao Paulo,No,No,Offline
VISA00265,USA,Work,Bangladesh,2023-06-25,,,,Pending,Dhaka,Yes,No,Online
VISA00266,UK,Student,Pakistan,2023-04-28,2023-05-15,17.0,2.43,Approved,Lahore,No,Yes,
VISA00267,USA,Tourist,Pakistan,2022-06-21,2022-08-15,55.0,7.86,Rejected,Islamabad,Yes,Yes,Offline
VISA00268,Canada,Work,Pakistan,2022-04-22,2022-05-11,19.0,2.71,Rejected,Islamabad,No,No,Online
VISA00269,UK,Work,India,2022-08-15,,,,Pending,Chennai,Yes,Yes,
VISA00270,USA,Student,Pakistan,2023-02-16,2023-04-12,55.0,7.86,Rejected,Islamabad,Yes,No,Offline
VISA00271,Australia,Tourist,Nigeria,2022-03-27,2022-06-01,66.0,9.43,Approved,Abuja,Yes,Yes,Offline
VISA00272,Australia,Work,Bangladesh,2022-12-08,2023-01-10,33.0,4.71,Approved,Dhaka,No,No,Offline
VISA00273,USA,Work,India,2022-05-27,,,,Pending,Hyderabad,No,Yes,
VISA00274,Canada,Work,Bangladesh,2023-04-01,2023-06-02,62.0,8.86,Approved,Dhaka,Yes,Yes,Offline
VISA00275,Australia,Tourist,Brazil,2023-02-05,,,,Pending,Sao Paulo,Yes,No,Offline
VISA00276,UK,Work,Nigeria,2022-01-19,2022-03-13,53.0,7.57,Approved,Lagos,No,No,
VISA00277,UK,Student,Philippines,2022-03-25,2022-05-21,57.0,8.14,Approved,Manila,Yes,Yes,Online
VISA00278,UK,Work,India,2022-12-24,2023-03-03,69.0,9.86,Approved,Chennai,No,Yes,Online
VISA00279,Canada,Tourist,Philippines,2022-01-23,2022-03-07,43.0,6.14,Approved,Manila,No,No,Online
VISA00280,Australia,Student,Nigeria,2023-05-24,2023-06-21,28.0,4.0,Rejected,Abuja,No,No,Online
VISA00281,Australia,Student,Philippines,2022-07-31,2022-09-02,33.0,4.71,Rejected,Manila,Yes,Yes,Online
VISA00282,Australia,Tourist,Philippines,2022-07-12,2022-08-20,39.0,5.57,Approved,Manila,Yes,Yes,Offline
VISA00283,USA,Work,China,2023-03-12,,,,Pending,Beijing,No,No,Online
VISA00284,UK,Work,Nigeria,2023-02-12,2023-03-25,41.0,5.86,Approved,Abuja,No,No,Offline
VISA00285,USA,Work,Brazil,2022-08-22,2022-10-16,55.0,7.86,Approved,Sao Paulo,Yes,No,Online
VISA00286,USA,Work,Brazil,2022-10-26,2022-12-05,40.0,5.71,Approved,Sao Paulo,Yes,No,Offline
VISA00287,Canada,Work,Brazil,2023-05-04,,,,Pending,Sao Paulo,No,Yes,
VISA00288,Australia,Work,Pakistan,2022-04-13,2022-06-18,66.0,9.43,Approved,Islamabad,Yes,No,Offline
VISA00289,USA,Tourist,China,2022-03-27,2022-06-10,75.0,10.71,Approved,Beijing,No,Yes,
VISA00290,Canada,Tourist,Pakistan,2022-04-06,2022-05-01,25.0,3.57,Approved,Lahore,No,Yes,Offline
VISA00291,Australia,Student,Pakistan,2022-05-13,2022-06-08,26.0,3.71,Rejected,Islamabad,No,No,
VISA00292,Australia,Tourist,China,2022-11-26,2023-01-01,36.0,5.14,Rejected,Beijing,Yes,No,Offline
VISA00293,Canada,Work,Philippines,2023-03-07,2023-05-07,61.0,8.71,Approved,Manila,Yes,Yes,
VISA00294,Canada,Student,India,2023-03-02,2023-05-14,73.0,10.43,Approved,Bengaluru,Yes,Yes,
VISA00295,UK,Tourist,India,2022-09-17,2022-10-03,16.0,2.29,Approved,Chennai,No,No,Offline
VISA00296,Canada,Student,China,2022-07-30,2022-09-14,46.0,6.57,Approved,Beijing,No,No,Online
VISA00297,Canada,Student,Philippines,2022-09-18,2022-11-27,70.0,10.0,Approved,Manila,Yes,Yes,
VISA00298,Canada,Tourist,Brazil,2023-05-09,2023-06-23,45.0,6.43,Approved,Sao Paulo,No,Yes,
VISA00299,UK,Tourist,India,2023-05-02,2023-06-29,58.0,8.29,Approved,New Delhi,Yes,No,
VISA00300,Canada,Tourist,Philippines,2023-03-04,2023-03-23,19.0,2.71,Approved,Manila,Yes,No,
VISA00301,Canada,Tourist,China,2023-04-23,,,,Pending,Beijing,No,Yes,
VISA00302,UK,Student,Brazil,2022-05-21,2022-06-21,31.0,4.43,Approved,Sao Paulo,Yes,Yes,Online
VISA00303,USA,Work,Pakistan,2022-11-20,2022-12-25,35.0,5.0,Approved,Islamabad,Yes,Yes,Online
VISA00304,USA,Tourist,Pakistan,2022-08-12,,,,Pending,Islamabad,No,No,Offline
VISA00305,Australia,Tourist,Pakistan,2023-01-03,2023-03-09,65.0,9.29,Approved,Lahore,No,No,Offline
VISA00306,Canada,Work,Nigeria,2023-04-13,2023-05-13,30.0,4.29,Rejected,Lagos,No,Yes,
VISA00307,Canada,Tourist,Pakistan,2023-03-29,2023-05-29,61.0,8.71,Approved,Islamabad,No,No,
VISA00308,UK,Work,Brazil,2022-06-26,2022-08-30,65.0,9.29,Rejected,Sao Paulo,No,Yes,
VISA00309,UK,Student,Philippines,2022-07-02,2022-07-29,27.0,3.86,Rejected,Manila,Yes,Yes,Online
VISA00310,USA,Work,Pakistan,2022-10-16,2022-11-27,42.0,6.0,Approved,Lahore,No,No,Offline
VISA00311,UK,Student,China,2022-07-31,2022-10-07,68.0,9.71,Approved,Beijing,Yes,No,Offline
VISA00312,Canada,Tourist,Bangladesh,2023-01-07,2023-03-12,64.0,9.14,Rejected,Dhaka,No,No,Online
VISA00313,Canada,Work,Philippines,2022-06-23,2022-07-31,38.0,5.43,Approved,Manila,Yes,No,Offline
VISA00314,UK,Work,India,2022-07-29,2022-10-05,68.0,9.71,Rejected,Hyderabad,No,No,Online
VISA00315,Canada,Tourist,Brazil,2022-04-02,2022-05-05,33.0,4.71,Approved,Sao Paulo,No,Yes,Offline
VISA00316,USA,Work,Pakistan,2023-05-28,2023-08-07,71.0,10.14,Approved,Islamabad,Yes,Yes,Online
VISA00317,USA,Tourist,Nigeria,2023-01-28,2023-04-03,65.0,9.29,Approved,Lagos,Yes,Yes,Online
VISA00318,Canada,Student,India,2022-05-02,2022-07-03,62.0,8.86,Approved,Mumbai,No,Yes,
VISA00319,USA,Tourist,Brazil,2022-05-03,2022-06-01,29.0,4.14,Approved,Sao Paulo,Yes,Yes,
VISA00320,UK,Student,Bangladesh,2022-02-27,2022-04-05,37.0,5.29,Approved,Dhaka,Yes,No,Offline
VISA00321,Australia,Work,Brazil,2022-12-14,2023-01-25,42.0,6.0,Approved,Sao Paulo,No,Yes,Online
VISA00322,USA,Work,Pakistan,2023-01-22,2023-03-05,42.0,6.0,Approved,Lahore,No,No,
VISA00323,Canada,Tourist,Philippines,2022-10-06,2022-12-02,57.0,8.14,Approved,Manila,No,Yes,
VISA00324,Australia,Student,Philippines,2022-02-27,2022-03-26,27.0,3.86,Rejected,Manila,No,Yes,Online
VISA00325,USA,Tourist,China,2022-09-20,2022-11-16,57.0,8.14,Approved,Shanghai,Yes,Yes,
VISA00326,Australia,Tourist,Bangladesh,2022-07-11,,,,Pending,Dhaka,No,Yes,
VISA00327,UK,Work,China,2022-07-12,2022-08-03,22.0,3.14,Approved,Shanghai,No,No,
VISA00328,USA,Work,Philippines,2022-08-07,2022-10-31,85.0,12.14,Approved,Manila,No,No,Offline
VISA00329,UK,Tourist,Philippines,2022-09-08,2022-11-18,71.0,10.14,Approved,Manila,No,Yes,
VISA00330,UK,Work,Bangladesh,2022-09-29,,,,Pending,Dhaka,No,No,Offline
VISA00331,UK,Student,China,2022-12-08,2023-01-27,50.0,7.14,Approved,Beijing,Yes,No,
VISA00332,UK,Work,Bangladesh,2023-06-25,2023-07-10,15.0,2.14,Approved,Dhaka,Yes,Yes,Offline
VISA00333,USA,Tourist,Bangladesh,2022-04-19,2022-07-08,80.0,11.43,Rejected,Dhaka,No,No,
VISA00334,Australia,Tourist,Philippines,2022-08-01,2022-10-05,65.0,9.29,Approved,Manila,No,Yes,Online
VISA00335,USA,Tourist,Nigeria,2022-04-16,2022-07-06,81.0,11.57,Rejected,Lagos,No,Yes,Offline
VISA00336,USA,Work,Nigeria,2023-06-18,2023-07-15,27.0,3.86,Approved,Lagos,No,No,Online
VISA00337,USA,Student,Pakistan,2022-02-22,2022-05-12,79.0,11.29,Approved,Lahore,Yes,Yes,Online
VISA00338,UK,Tourist,Bangladesh,2022-03-23,2022-05-02,40.0,5.71,Approved,Dhaka,Yes,No,Online
VISA00339,Australia,Tourist,Brazil,2022-05-28,2022-07-18,51.0,7.29,Approved,Sao Paulo,No,No,Offline
VISA00340,USA,Student,Pakistan,2022-08-20,2022-11-10,82.0,11.71,Approved,Islamabad,Yes,No,Offline
VISA00341,Canada,Work,Nigeria,2022-07-09,,,,Pending,Lagos,No,Yes,
VISA00342,USA,Work,Philippines,2022-03-04,2022-03-31,27.0,3.86,Approved,Manila,Yes,No,Online
VISA00343,Australia,Tourist,China,2022-05-07,2022-05-29,22.0,3.14,Approved,Shanghai,No,Yes,
VISA00344,Canada,Work,Pakistan,2022-09-03,2022-11-16,74.0,10.57,Rejected,Islamabad,No,No,Offline
VISA00345,Australia,Work,Bangladesh,2022-10-01,2022-11-29,59.0,8.43,Rejected,Dhaka,No,No,
VISA00346,UK,Tourist,Bangladesh,2022-02-11,,,,Pending,Dhaka,No,Yes,Offline
VISA00347,USA,Work,Bangladesh,2022-08-04,2022-09-23,50.0,7.14,Approved,Dhaka,Yes,No,
VISA00348,Australia,Student,Pakistan,2022-11-20,2023-01-01,42.0,6.0,Approved,Islamabad,No,No,Online
VISA00349,UK,Tourist,Brazil,2023-04-25,2023-06-30,66.0,9.43,Approved,Sao Paulo,No,Yes,Online
VISA00350,Canada,Tourist,Nigeria,2023-05-10,2023-06-15,36.0,5.14,Approved,Abuja,Yes,No,Online
VISA00351,USA,Work,Brazil,2023-03-28,,,,Pending,Sao Paulo,Yes,No,Offline
VISA00352,Canada,Work,Nigeria,2023-06-04,2023-08-05,62.0,8.86,Approved,Abuja,Yes,No,
VISA00353,Canada,Work,Bangladesh,2022-12-31,2023-03-20,79.0,11.29,Approved,Dhaka,No,No,Online
VISA00354,UK,Student,Philippines,2022-05-07,2022-06-03,27.0,3.86,Approved,Manila,No,Yes,Online
VISA00355,Australia,Work,China,2022-11-23,,,,Pending,Shanghai,No,No,Offline
VISA00356,UK,Tourist,Philippines,2023-01-30,2023-03-16,45.0,6.43,Approved,Manila,No,Yes,Offline
VISA00357,Canada,Work,Bangladesh,2022-09-13,2022-11-19,67.0,9.57,Approved,Dhaka,No,No,
VISA00358,UK,Work,Nigeria,2022-04-10,2022-05-19,39.0,5.57,Rejected,Lagos,No,Yes,
VISA00359,USA,Tourist,Nigeria,2022-12-18,2023-02-11,55.0,7.86,Approved,Lagos,Yes,Yes,
VISA00360,Canada,Student,China,2022-05-23,,,,Pending,Beijing,Yes,No,Online
VISA00361,USA,Work,Bangladesh,2022-05-18,2022-07-02,45.0,6.43,Approved,Dhaka,No,Yes,
VISA00362,Canada,Student,India,2023-03-31,,,,Pending,Bengaluru,Yes,Yes,Online
VISA00363,Australia,Tourist,Bangladesh,2022-12-02,2023-01-12,41.0,5.86,Rejected,Dhaka,No,Yes,Online
VISA00364,USA,Work,Brazil,2022-09-03,,,,Pending,Sao Paulo,Yes,Yes,Online
VISA00365,Canada,Tourist,Philippines,2023-01-17,,,,Pending,Manila,No,No,
VISA00366,Australia,Student,Brazil,2023-05-28,2023-07-08,41.0,5.86,Approved,Sao Paulo,No,Yes,
VISA00367,Australia,Student,India,2022-01-21,2022-03-05,43.0,6.14,Approved,New Delhi,No,No,Offline
VISA00368,Australia,Tourist,Bangladesh,2023-04-16,2023-06-14,59.0,8.43,Approved,Dhaka,No,No,Offline
VISA00369,Australia,Tourist,Philippines,2022-12-17,2023-03-10,83.0,11.86,Approved,Manila,No,Yes,
VISA00370,UK,Work,Brazil,2023-03-25,2023-05-19,55.0,7.86,Approved,Sao Paulo,Yes,No,
VISA00371,UK,Tourist,Bangladesh,2022-01-05,2022-01-27,22.0,3.14,Approved,Dhaka,No,No,Offline
VISA00372,Canada,Work,China,2022-09-22,2022-10-06,14.0,2.0,Rejected,Beijing,Yes,Yes,
VISA00373,UK,Tourist,China,2022-04-22,2022-07-01,70.0,10.0,Approved,Beijing,No,No,Online
VISA00374,UK,Tourist,Bangladesh,2022-02-27,2022-03-31,32.0,4.57,Approved,Dhaka,No,No,Online
VISA00375,UK,Work,Bangladesh,2022-08-02,2022-08-28,26.0,3.71,Approved,Dhaka,Yes,Yes,
VISA00376,USA,Tourist,Nigeria,2023-01-03,2023-02-06,34.0,4.86,Approved,Lagos,Yes,Yes,Offline
VISA00377,Australia,Work,Pakistan,2022-06-09,2022-08-18,70.0,10.0,Rejected,Islamabad,Yes,Yes,Online
VISA00378,Australia,Tourist,China,2022-09-07,,,,Pending,Beijing,No,No,Offline
VISA00379,UK,Tourist,India,2022-03-12,,,,Pending,New Delhi,No,No,Online
VISA00380,Canada,Tourist,China,2023-01-02,2023-03-16,73.0,10.43,Approved,Shanghai,No,Yes,Online
VISA00381,UK,Work,China,2022-03-10,2022-04-11,32.0,4.57,Approved,Shanghai,Yes,No,Offline
VISA00382,USA,Work,Bangladesh,2023-05-20,2023-06-23,34.0,4.86,Approved,Dhaka,Yes,No,
VISA00383,USA,Work,Philippines,2022-10-13,2022-11-22,40.0,5.71,Rejected,Manila,No,No,
VISA00384,UK,Tourist,Bangladesh,2022-03-26,2022-05-12,47.0,6.71,Approved,Dhaka,No,No,Offline
VISA00385,UK,Work,Brazil,2023-01-30,,,,Pending,Sao Paulo,Yes,Yes,Offline
VISA00386,USA,Student,India,2022-04-26,2022-05-23,27.0,3.86,Approved,Chennai,No,No,Offline
VISA00387,Canada,Work,Nigeria,2023-06-04,2023-07-14,40.0,5.71,Approved,Abuja,No,No,Offline
VISA00388,UK,Tourist,Philippines,2022-05-21,2022-06-29,39.0,5.57,Approved,Manila,No,Yes,Offline
VISA00389,USA,Student,India,2022-10-14,2022-12-22,69.0,9.86,Rejected,New Delhi,Yes,Yes,Offline
VISA00390,Canada,Work,Brazil,2022-02-26,2022-04-06,39.0,5.57,Approved,Sao Paulo,Yes,No,Online
VISA00391,Canada,Tourist,India,2023-01-16,2023-03-19,62.0,8.86,Approved,Hyderabad,Yes,Yes,Online
VISA00392,UK,Work,Bangladesh,2022-08-13,2022-09-08,26.0,3.71,Approved,Dhaka,No,Yes,Online
VISA00393,USA,Tourist,China,2022-05-03,2022-07-13,71.0,10.14,Approved,Beijing,Yes,No,Offline
VISA00394,USA,Tourist,Philippines,2022-05-01,,,,Pending,Manila,Yes,Yes,Offline
VISA00395,USA,Tourist,Bangladesh,2022-02-05,,,,Pending,Dhaka,No,Yes,
VISA00396,Canada,Tourist,China,2022-01-10,,,,Pending,Beijing,No,Yes,Offline
VISA00397,Canada,Work,Bangladesh,2023-03-30,2023-05-02,33.0,4.71,Rejected,Dhaka,No,No,Online
VISA00398,UK,Tourist,Brazil,2022-07-20,2022-08-08,19.0,2.71,Rejected,Sao Paulo,Yes,No,Offline
VISA00399,USA,Student,India,2023-02-05,,,,Pending,Mumbai,Yes,Yes,
VISA00400,USA,Work,Brazil,2023-04-17,2023-06-05,49.0,7.0,Approved,Sao Paulo,Yes,No,
VISA00401,Australia,Work,India,2023-06-20,2023-08-05,46.0,6.57,Rejected,Hyderabad,No,No,Online
VISA00402,USA,Tourist,Pakistan,2023-06-11,2023-08-03,53.0,7.57,Approved,Lahore,Yes,No,
VISA00403,UK,Work,Brazil,2023-03-22,,,,Pending,Sao Paulo,No,Yes,Online
VISA00404,Australia,Student,Pakistan,2023-04-29,2023-06-29,61.0,8.71,Approved,Islamabad,Yes,Yes,
VISA00405,Canada,Tourist,China,2022-09-22,2022-12-05,74.0,10.57,Approved,Beijing,No,Yes,
VISA00406,USA,Tourist,Brazil,2022-10-19,2022-11-19,31.0,4.43,Approved,Sao Paulo,No,No,Online
VISA00407,UK,Tourist,China,2022-01-31,2022-03-16,44.0,6.29,Approved,Shanghai,No,Yes,Offline
VISA00408,Canada,Work,Philippines,2023-05-18,2023-08-08,82.0,11.71,Approved,Manila,No,No,Online
VISA00409,Australia,Tourist,Philippines,2022-10-17,2023-01-07,82.0,11.71,Approved,Manila,Yes,Yes,
VISA00410,USA,Student,Brazil,2022-08-25,2022-09-22,28.0,4.0,Approved,Sao Paulo,No,No,
VISA00411,Canada,Work,Bangladesh,2022-08-24,2022-10-27,64.0,9.14,Approved,Dhaka,No,No,Online
VISA00412,USA,Student,China,2023-04-17,2023-05-21,34.0,4.86,Approved,Shanghai,Yes,Yes,Online
VISA00413,USA,Tourist,India,2022-09-19,2022-12-06,78.0,11.14,Approved,Chennai,No,No,Online
VISA00414,USA,Student,Philippines,2023-02-02,2023-03-12,38.0,5.43,Approved,Manila,No,No,Offline
VISA00415,UK,Tourist,India,2023-01-20,2023-02-12,23.0,3.29,Approved,Chennai,No,No,Online
VISA00416,Australia,Work,Philippines,2022-12-21,2023-03-02,71.0,10.14,Approved,Manila,No,No,Online
VISA00417,USA,Work,Nigeria,2023-03-09,2023-05-13,65.0,9.29,Approved,Lagos,No,Yes,Online
VISA00418,UK,Student,Brazil,2023-01-24,2023-02-28,35.0,5.0,Approved,Sao Paulo,Yes,No,Online
VISA00419,Canada,Tourist,China,2023-02-20,2023-03-18,26.0,3.71,Rejected,Beijing,No,Yes,Online
VISA00420,USA,Student,Bangladesh,2022-02-20,2022-05-17,86.0,12.29,Approved,Dhaka,No,Yes,Online
VISA00421,USA,Student,Pakistan,2022-03-03,2022-05-07,65.0,9.29,Approved,Islamabad,Yes,Yes,
VISA00422,Canada,Work,Brazil,2022-09-29,2022-12-11,73.0,10.43,Approved,Sao Paulo,Yes,No,Online
VISA00423,Australia,Work,China,2022-02-12,2022-03-18,34.0,4.86,Approved,Shanghai,Yes,Yes,Online
VISA00424,Canada,Student,India,2023-01-01,2023-03-14,72.0,10.29,Approved,Mumbai,No,Yes,Online
VISA00425,UK,Tourist,Brazil,2022-08-24,,,,Pending,Sao Paulo,No,No,Offline
VISA00426,Australia,Work,China,2022-02-12,2022-04-26,73.0,10.43,Approved,Beijing,Yes,No,
VISA00427,Canada,Work,Pakistan,2023-05-14,2023-06-14,31.0,4.43,Approved,Islamabad,No,Yes,Online
VISA00428,Canada,Work,Brazil,2023-01-18,2023-03-09,50.0,7.14,Approved,Sao Paulo,Yes,Yes,Online
VISA00429,Australia,Student,Pakistan,2023-01-28,2023-04-09,71.0,10.14,Approved,Islamabad,Yes,Yes,
VISA00430,Canada,Work,Philippines,2022-06-03,2022-07-01,28.0,4.0,Approved,Manila,Yes,Yes,Online
VISA00431,UK,Tourist,Brazil,2023-01-11,2023-02-03,23.0,3.29,Rejected,Sao Paulo,No,No,Offline
VISA00432,UK,Student,Brazil,2022-01-20,2022-02-14,25.0,3.57,Approved,Sao Paulo,No,Yes,Offline
VISA00433,Australia,Work,Bangladesh,2022-03-31,2022-05-02,32.0,4.57,Approved,Dhaka,No,Yes,
VISA00434,UK,Student,Bangladesh,2022-11-13,2022-12-27,44.0,6.29,Approved,Dhaka,No,No,Offline
VISA00435,Canada,Student,Philippines,2023-02-25,,,,Pending,Manila,Yes,Yes,Online
VISA00436,USA,Work,Philippines,2022-08-08,2022-10-30,83.0,11.86,Approved,Manila,Yes,No,Offline
VISA00437,USA,Tourist,India,2023-04-05,2023-06-16,72.0,10.29,Approved,New Delhi,No,No,Offline
VISA00438,Australia,Work,Bangladesh,2022-04-25,2022-07-07,73.0,10.43,Rejected,Dhaka,No,Yes,
VISA00439,UK,Work,China,2022-09-11,2022-10-24,43.0,6.14,Approved,Shanghai,Yes,Yes,
VISA00440,Australia,Work,Philippines,2022-10-11,2022-12-21,71.0,10.14,Approved,Manila,No,No,
VISA00441,USA,Student,Philippines,2022-09-25,2022-11-19,55.0,7.86,Approved,Manila,Yes,Yes,Online
VISA00442,USA,Student,Nigeria,2022-07-15,2022-10-04,81.0,11.57,Approved,Lagos,Yes,Yes,Online
VISA00443,USA,Tourist,China,2022-10-31,2023-01-21,82.0,11.71,Approved,Shanghai,Yes,No,
VISA00444,UK,Student,Nigeria,2022-12-11,2023-01-11,31.0,4.43,Approved,Abuja,No,Yes,Online
VISA00445,Australia,Student,Bangladesh,2022-04-22,2022-05-22,30.0,4.29,Approved,Dhaka,No,Yes,
VISA00446,Australia,Tourist,Bangladesh,2022-05-03,2022-05-26,23.0,3.29,Approved,Dhaka,No,Yes,
VISA00447,UK,Work,Bangladesh,2022-01-28,2022-04-12,74.0,10.57,Approved,Dhaka,Yes,Yes,Online
VISA00448,Canada,Work,Nigeria,2022-05-25,,,,Pending,Abuja,Yes,Yes,Online
VISA00449,Australia,Tourist,India,2023-01-25,2023-02-16,22.0,3.14,Rejected,Chennai,No,Yes,Offline
VISA00450,UK,Student,Nigeria,2022-07-28,,,,Pending,Lagos,No,No,
VISA00451,USA,Work,China,2022-04-02,2022-05-06,34.0,4.86,Rejected,Beijing,No,Yes,Offline
VISA00452,USA,Student,India,2022-02-11,2022-03-20,37.0,5.29,Rejected,Chennai,Yes,No,Online
VISA00453,Australia,Tourist,Pakistan,2023-03-10,2023-04-23,44.0,6.29,Approved,Lahore,No,No,Offline
VISA00454,UK,Student,Brazil,2023-01-13,2023-02-13,31.0,4.43,Rejected,Sao Paulo,No,No,Offline
VISA00455,UK,Student,India,2022-12-23,2023-01-07,15.0,2.14,Approved,New Delhi,Yes,No,
VISA00456,Australia,Student,China,2022-09-06,2022-11-01,56.0,8.0,Approved,Shanghai,No,Yes,
VISA00457,USA,Tourist,India,2023-04-27,,,,Pending,Mumbai,Yes,No,Offline
VISA00458,USA,Student,China,2022-02-08,2022-04-01,52.0,7.43,Rejected,Beijing,Yes,No,Offline
VISA00459,USA,Student,India,2023-04-05,2023-05-31,56.0,8.0,Rejected,Hyderabad,Yes,Yes,Offline
VISA00460,USA,Work,Bangladesh,2022-09-18,,,,Pending,Dhaka,Yes,Yes,Offline
VISA00461,Australia,Work,China,2022-11-21,2023-01-17,57.0,8.14,Approved,Beijing,No,Yes,
VISA00462,UK,Work,Nigeria,2022-07-13,,,,Pending,Lagos,Yes,Yes,Online
VISA00463,UK,Tourist,Pakistan,2022-04-01,2022-04-20,19.0,2.71,Approved,Lahore,No,Yes,Offline
VISA00464,UK,Work,Pakistan,2023-04-24,2023-05-28,34.0,4.86,Approved,Islamabad,Yes,No,
VISA00465,USA,Work,Philippines,2023-05-17,2023-07-11,55.0,7.86,Approved,Manila,No,Yes,Online
VISA00466,USA,Work,Nigeria,2023-02-20,2023-05-08,77.0,11.0,Approved,Lagos,No,No,Offline
VISA00467,Australia,Tourist,Bangladesh,2023-04-10,2023-06-22,73.0,10.43,Rejected,Dhaka,No,Yes,Offline
VISA00468,USA,Student,Pakistan,2022-07-30,,,,Pending,Islamabad,No,Yes,Online
VISA00469,Canada,Work,Bangladesh,2023-03-31,2023-06-15,76.0,10.86,Approved,Dhaka,Yes,No,
VISA00470,Canada,Work,Bangladesh,2022-06-30,2022-09-09,71.0,10.14,Approved,Dhaka,Yes,No,
VISA00471,USA,Student,Brazil,2022-08-03,2022-10-23,81.0,11.57,Rejected,Sao Paulo,Yes,Yes,Offline
VISA00472,UK,Work,Nigeria,2023-04-15,2023-06-24,70.0,10.0,Rejected,Abuja,No,No,
VISA00473,Australia,Student,Philippines,2022-02-17,2022-03-23,34.0,4.86,Approved,Manila,Yes,No,Online
VISA00474,UK,Work,Philippines,2022-01-21,2022-02-21,31.0,4.43,Approved,Manila,No,Yes,
VISA00475,UK,Student,Pakistan,2022-06-21,2022-09-03,74.0,10.57,Approved,Lahore,No,Yes,
VISA00476,Canada,Student,China,2022-09-11,,,,Pending,Shanghai,Yes,No,
VISA00477,Australia,Work,Pakistan,2022-12-10,,,,Pending,Islamabad,Yes,Yes,Offline
VISA00478,USA,Student,Brazil,2022-04-15,2022-05-25,40.0,5.71,Approved,Sao Paulo,Yes,No,Online
VISA00479,Australia,Work,Bangladesh,2022-11-09,2023-01-18,70.0,10.0,Approved,Dhaka,Yes,Yes,
VISA00480,UK,Tourist,India,2023-02-18,2023-04-12,53.0,7.57,Rejected,New Delhi,Yes,No,Online
VISA00481,USA,Work,Pakistan,2022-04-17,2022-07-01,75.0,10.71,Approved,Lahore,Yes,No,Offline
VISA00482,UK,Work,Bangladesh,2023-05-18,2023-07-13,56.0,8.0,Approved,Dhaka,Yes,No,Online
VISA00483,Australia,Work,Pakistan,2023-01-26,2023-03-08,41.0,5.86,Approved,Lahore,Yes,No,Online
VISA00484,UK,Tourist,Philippines,2022-04-03,2022-04-21,18.0,2.57,Approved,Manila,No,No,Offline
VISA00485,USA,Work,Philippines,2022-02-18,,,,Pending,Manila,Yes,Yes,Offline
VISA00486,Australia,Student,China,2022-01-15,2022-03-20,64.0,9.14,Approved,Beijing,No,Yes,Online
VISA00487,Australia,Tourist,China,2023-04-30,2023-06-23,54.0,7.71,Approved,Beijing,No,Yes,
VISA00488,Australia,Student,India,2022-04-24,,,,Pending,New Delhi,No,No,Online
VISA00489,UK,Tourist,Pakistan,2023-02-13,2023-03-20,35.0,5.0,Rejected,Islamabad,No,Yes,Offline
VISA00490,UK,Tourist,Bangladesh,2022-04-18,2022-05-03,15.0,2.14,Approved,Dhaka,Yes,Yes,
VISA00491,UK,Student,Brazil,2022-10-19,2022-11-03,15.0,2.14,Approved,Sao Paulo,Yes,No,Offline
VISA00492,Canada,Tourist,Bangladesh,2022-09-21,2022-12-06,76.0,10.86,Rejected,Dhaka,Yes,No,
VISA00493,USA,Student,Philippines,2022-06-18,2022-08-22,65.0,9.29,Rejected,Manila,Yes,Yes,
VISA00494,USA,Work,China,2022-09-19,2022-11-28,70.0,10.0,Approved,Beijing,No,Yes,
VISA00495,Australia,Tourist,Nigeria,2022-06-08,2022-06-28,20.0,2.86,Approved,Lagos,Yes,No,Offline
VISA00496,Canada,Tourist,Pakistan,2023-05-27,2023-07-18,52.0,7.43,Approved,Lahore,Yes,Yes,Online
VISA00497,UK,Work,Philippines,2023-05-08,2023-07-06,59.0,8.43,Approved,Manila,Yes,No,Offline
VISA00498,Canada,Tourist,Philippines,2023-04-23,2023-05-13,20.0,2.86,Approved,Manila,No,Yes,Offline
VISA00499,Australia,Student,Philippines,2022-07-31,2022-08-29,29.0,4.14,Rejected,Manila,No,Yes,
VISA00500,Australia,Work,Bangladesh,2022-07-18,2022-08-07,20.0,2.86,Approved,Dhaka,Yes,No,Offline
CAN_EXT0000,Canada,Visiting,Nigeria,2025-08-05,2025-09-19,,,Approved,Lagos,No,Yes,
CAN_EXT0001,Canada,Working,United States of America,2025-12-31,2026-03-04,,,Approved,New Delhi,No,No,Offline
CAN_EXT0002,Canada,Visiting,Philippines,2025-05-06,2025-05-28,22.0,3.14,Rejected,Manila,Yes,No,Online
CAN_EXT0003,Canada,Study - child,All,2023-04-29,2023-05-20,21.0,3.0,Approved,New Delhi,Yes,Yes,Offline
CAN_EXT0004,Canada,Working,India,2025-04-09,2025-08-20,,,Rejected,Mumbai,Yes,Yes,Offline
CAN_EXT0005,Canada,Studying,China,2025-08-27,2025-10-01,,,Rejected,New Delhi,Yes,No,Offline
CAN_EXT0006,Canada,Visiting,Bangladesh,2025-04-09,2025-05-17,,,Approved,Dhaka,No,Yes,Online
CAN_EXT0007,Canada,Visiting,Australia,2025-12-31,2026-01-05,,,Approved,New Delhi,Yes,No,
CAN_EXT0008,Canada,Working,Bangladesh,2025-04-09,2025-06-18,,,Rejected,Dhaka,Yes,No,
CAN_EXT0009,Canada,Working,Nigeria,2025-12-31,2026-03-04,63.0,9.0,Rejected,Lagos,No,No,Offline
CAN_EXT0010,Canada,Studying,Philippines,2025-08-05,2025-09-30,,,Approved,Manila,No,No,Offline
CAN_EXT0011,Canada,Visiting,Bangladesh,2025-09-24,2025-10-20,,,Rejected,Dhaka,Yes,No,Online
CAN_EXT0012,Canada,Studying,United States of America,2025-08-27,2025-10-29,63.0,9.0,Rejected,New Delhi,Yes,No,Online
CAN_EXT0013,Canada,Studying,India,2025-11-26,2025-12-24,28.0,4.0,Rejected,Bengaluru,No,No,
CAN_EXT0014,Canada,Studying,Nigeria,2025-06-03,2025-07-08,35.0,5.0,Approved,Lagos,No,Yes,Offline
CAN_EXT0015,Canada,Working,India,2025-12-31,2026-03-04,,,Rejected,Bengaluru,No,No,Online
CAN_EXT0016,Canada,Visiting,Bangladesh,2025-08-05,2025-09-16,42.0,6.0,Approved,Dhaka,Yes,No,Offline
CAN_EXT0017,Canada,Studying,Australia,2025-08-05,2025-09-30,56.0,8.0,Rejected,New Delhi,Yes,Yes,
CAN_EXT0018,Canada,Working,India,2025-06-03,2025-09-02,91.0,13.0,Approved,Bengaluru,Yes,No,Online
CAN_EXT0019,Canada,Visiting,Philippines,2025-08-05,2025-09-02,28.0,4.0,Rejected,Manila,Yes,Yes,Offline
CAN_EXT0020,Canada,Visiting,Nigeria,2025-08-27,2025-10-06,40.0,5.71,Rejected,Lagos,No,Yes,Offline
CAN_EXT0021,Canada,Visiting,China,2025-12-31,2026-01-21,21.0,3.0,Approved,New Delhi,No,No,
CAN_EXT0022,Canada,Visiting,Philippines,2025-09-24,2025-10-13,19.0,2.71,Rejected,Manila,Yes,Yes,Offline
CAN_EXT0023,Canada,Working,Philippines,2025-10-29,2025-12-17,,,Approved,Manila,No,No,Online
CAN_EXT0024,Canada,Visiting,Japan,2025-05-06,2025-05-30,24.0,3.43,Approved,New Delhi,Yes,Yes,
CAN_EXT0025,Canada,Studying,Philippines,2025-03-12,2025-04-16,35.0,5.0,Approved,Manila,No,Yes,Offline
CAN_EXT0026,Canada,Studying,Nigeria,2025-03-12,2025-04-23,42.0,6.0,Approved,Abuja,Yes,Yes,
CAN_EXT0027,Canada,Visiting,Australia,2025-03-12,2025-03-25,13.0,1.86,Rejected,New Delhi,Yes,No,Offline
CAN_EXT0028,Canada,Studying,Philippines,2025-08-05,2025-09-30,56.0,8.0,Rejected,Manila,Yes,Yes,
CAN_EXT0029,Canada,Studying,Bangladesh,2025-11-26,2025-12-24,28.0,4.0,Rejected,Dhaka,Yes,Yes,
CAN_EXT0030,Canada,Working,Nigeria,2025-06-03,2025-09-23,112.0,16.0,Approved,Abuja,No,No,Online
CAN_EXT0031,Canada,Visiting,Japan,2025-06-03,2025-06-29,,,Rejected,New Delhi,Yes,No,Offline
CAN_EXT0032,Canada,Studying,Philippines,2025-06-03,2025-09-16,,,Rejected,Manila,Yes,Yes,Online
CAN_EXT0033,Canada,Studying,United States of America,2025-11-26,2025-12-24,28.0,4.0,Approved,New Delhi,No,No,Online
CAN_EXT0034,Canada,Studying,Australia,2025-09-24,2025-12-10,77.0,11.0,Rejected,New Delhi,Yes,Yes,Offline
CAN_EXT0035,Canada,Studying,United Kingdom,2025-12-31,2026-02-04,35.0,5.0,Rejected,New Delhi,Yes,Yes,Offline
CAN_EXT0036,Canada,Studying,India,2025-09-24,2025-10-29,35.0,5.0,Rejected,New Delhi,Yes,No,
CAN_EXT0037,Canada,Working,Bangladesh,2025-12-31,2026-02-25,56.0,8.0,Rejected,Dhaka,No,No,Online
CAN_EXT0038,Canada,Studying,China,2025-12-31,2026-01-28,28.0,4.0,Approved,New Delhi,Yes,Yes,Offline
CAN_EXT0039,Canada,Visiting,Japan,2025-04-09,2025-04-29,,,Rejected,New Delhi,No,Yes,
CAN_EXT0040,Canada,Visiting,Bangladesh,2025-06-03,2025-07-13,40.0,5.71,Rejected,Dhaka,Yes,Yes,Online
CAN_EXT0041,Canada,Studying,India,2025-08-05,2025-09-02,28.0,4.0,Approved,Bengaluru,No,Yes,Offline
CAN_EXT0042,Canada,Working,India,2025-08-05,2025-09-16,,,Approved,Mumbai,No,No,
CAN_EXT0043,Canada,Visiting,United Kingdom,2025-08-27,2025-10-26,60.0,8.57,Rejected,New Delhi,Yes,No,
CAN_EXT0044,Canada,Visiting,Japan,2025-10-29,2025-12-03,35.0,5.0,Approved,New Delhi,No,No,Offline
CAN_EXT0045,Canada,Studying,United Kingdom,2025-08-05,2025-10-07,63.0,9.0,Rejected,New Delhi,Yes,Yes,Offline
CAN_EXT0046,Canada,Studying,Bangladesh,2025-08-27,2025-09-24,28.0,4.0,Rejected,Dhaka,No,Yes,Online
CAN_EXT0047,Canada,Working,China,2025-09-24,2025-11-12,,,Approved,New Delhi,Yes,No,Offline
CAN_EXT0048,Canada,Studying,Japan,2025-11-26,2025-12-03,7.0,1.0,Approved,New Delhi,No,No,Online
CAN_EXT0049,Canada,Visiting,Nigeria,2025-10-29,2025-12-03,35.0,5.0,Rejected,Abuja,No,No,
CAN_EXT0050,Canada,Visiting,Japan,2025-04-09,2025-04-29,20.0,2.86,Rejected,New Delhi,Yes,No,Offline
CAN_EXT0051,Canada,Visiting,United Kingdom,2025-10-29,2025-12-28,60.0,8.57,Rejected,New Delhi,No,Yes,
CAN_EXT0052,Canada,Visiting,China,2025-08-05,2025-08-31,26.0,3.71,Rejected,New Delhi,No,Yes,Online
CAN_EXT0053,Canada,Studying,Bangladesh,2025-04-09,2025-05-21,42.0,6.0,Rejected,Dhaka,Yes,Yes,Offline
CAN_EXT0054,Canada,Visiting,Nigeria,2025-08-27,2025-10-06,,,Rejected,Abuja,No,No,Offline
CAN_EXT0055,Canada,Visiting,China,2025-04-09,2025-05-05,26.0,3.71,Rejected,New Delhi,No,No,
CAN_EXT0056,Canada,Working,Australia,2025-11-26,2026-01-07,42.0,6.0,Rejected,New Delhi,Yes,No,Offline
CAN_EXT0057,Canada,Working,Nigeria,2025-07-09,2025-09-17,,,Rejected,Abuja,No,Yes,
CAN_EXT0058,Canada,Working,Japan,2025-10-29,2025-12-24,,,Rejected,New Delhi,Yes,Yes,Online
CAN_EXT0059,Canada,Studying,Nigeria,2025-07-09,2025-08-13,,,Approved,Abuja,Yes,No,
CAN_EXT0060,Canada,Studying,United Kingdom,2025-09-24,2025-12-03,70.0,10.0,Rejected,New Delhi,No,Yes,Offline
CAN_EXT0061,Canada,Working,Philippines,2025-10-29,2025-12-17,49.0,7.0,Approved,Manila,No,No,Online
CAN_EXT0062,Canada,Working,Japan,2025-09-24,2025-11-12,49.0,7.0,Rejected,New Delhi,Yes,No,
CAN_EXT0063,Canada,Working,India,2025-07-09,2025-08-27,,,Rejected,Mumbai,No,No,Offline
CAN_EXT0064,Canada,Visiting,Bangladesh,2025-08-05,2025-09-16,42.0,6.0,Rejected,Dhaka,No,No,Online
CAN_EXT0065,Canada,Working,India,2025-08-05,2025-09-16,42.0,6.0,Approved,Chandigarh,No,No,Offline
CAN_EXT0066,Canada,Studying,China,2025-08-05,2025-09-02,28.0,4.0,Approved,New Delhi,No,No,
CAN_EXT0067,Canada,Working,Bangladesh,2025-10-29,2025-12-31,63.0,9.0,Approved,Dhaka,Yes,No,
CAN_EXT0068,Canada,Studying,India,2025-10-29,2025-12-10,42.0,6.0,Approved,Chandigarh,Yes,Yes,
CAN_EXT0069,Canada,Visiting,China,2025-11-26,2025-12-17,21.0,3.0,Approved,New Delhi,No,Yes,Online
CAN_EXT0070,Canada,Working,China,2025-11-26,2026-01-14,49.0,7.0,Approved,New Delhi,Yes,No,
CAN_EXT0071,Canada,Studying,United Kingdom,2025-08-05,2025-10-07,63.0,9.0,Approved,New Delhi,No,Yes,
CAN_EXT0072,Canada,Working,China,2025-04-09,2025-07-02,84.0,12.0,Rejected,New Delhi,No,Yes,Offline
CAN_EXT0073,Canada,Studying,India,2025-12-31,2026-01-28,28.0,4.0,Approved,Mumbai,No,Yes,Online
CAN_EXT0074,Canada,Working,Philippines,2025-03-12,2025-04-23,42.0,6.0,Approved,Manila,Yes,Yes,Online
CAN_EXT0075,Canada,Working,Australia,2025-04-09,2025-05-21,,,Approved,New Delhi,Yes,Yes,Online
CAN_EXT0076,Canada,Studying,Nigeria,2025-08-05,2025-09-09,35.0,5.0,Approved,Lagos,No,No,Offline
CAN_EXT0077,Canada,Studying,Philippines,2025-07-09,2025-09-17,70.0,10.0,Approved,Manila,Yes,No,Offline
CAN_EXT0078,Canada,Studying,Australia,2025-06-03,2025-07-15,,,Approved,New Delhi,Yes,No,
CAN_EXT0079,Canada,Studying,United States of America,2025-08-05,2025-09-23,49.0,7.0,Approved,New Delhi,Yes,No,Online
CAN_EXT0080,Canada,Visiting,India,2025-08-27,2025-10-20,54.0,7.71,Rejected,Bengaluru,Yes,No,Offline
CAN_EXT0081,Canada,Studying,United Kingdom,2025-08-27,2025-11-05,70.0,10.0,Approved,New Delhi,Yes,No,Offline
CAN_EXT0082,Canada,Visiting,Bangladesh,2025-12-31,2026-01-25,,,Approved,Dhaka,Yes,No,
CAN_EXT0083,Canada,Visiting,United States of America,2025-06-03,2025-06-22,19.0,2.71,Rejected,New Delhi,No,Yes,Offline
CAN_EXT0084,Canada,Visiting,India,2025-08-05,2025-09-10,36.0,5.14,Rejected,Chandigarh,Yes,No,Online
CAN_EXT0085,Canada,Visiting,United States of America,2025-06-03,2025-06-22,,,Rejected,New Delhi,No,Yes,
CAN_EXT0086,Canada,Working,Australia,2025-08-27,2025-09-24,28.0,4.0,Approved,New Delhi,Yes,No,Offline
CAN_EXT0087,Canada,Visiting,Bangladesh,2025-05-06,2025-06-11,,,Approved,Dhaka,No,Yes,Offline
CAN_EXT0088,Canada,Studying,Japan,2025-10-29,2025-11-12,14.0,2.0,Rejected,New Delhi,Yes,No,Online
CAN_EXT0089,Canada,Studying,Nigeria,2025-05-06,2025-06-10,35.0,5.0,Approved,Abuja,Yes,No,
CAN_EXT0090,Canada,Visiting,Australia,2025-12-31,2026-01-05,5.0,0.71,Approved,New Delhi,Yes,No,
CAN_EXT0091,Canada,Working,Japan,2025-09-24,2025-11-12,,,Approved,New Delhi,No,Yes,Offline
CAN_EXT0092,Canada,Working,Nigeria,2025-04-09,2025-07-16,98.0,14.0,Rejected,Abuja,Yes,No,Offline
CAN_EXT0093,Canada,Working,Nigeria,2025-08-05,2025-10-07,,,Approved,Lagos,Yes,Yes,
CAN_EXT0094,Canada,Studying,Australia,2025-09-24,2025-12-10,,,Rejected,New Delhi,No,No,Online
CAN_EXT0095,Canada,Studying,Philippines,2025-11-26,2025-12-24,28.0,4.0,Rejected,Manila,Yes,Yes,Offline
CAN_EXT0096,Canada,Studying,Bangladesh,2025-12-31,2026-01-28,28.0,4.0,Approved,Dhaka,No,Yes,Offline
CAN_EXT0097,Canada,Working,Bangladesh,2025-11-26,2026-02-04,70.0,10.0,Approved,Dhaka,No,No,Online
CAN_EXT0098,Canada,Studying,Japan,2025-07-09,2025-08-20,,,Approved,New Delhi,Yes,Yes,Offline
CAN_EXT0099,Canada,Working,Japan,2025-09-24,2025-11-12,,,Approved,New Delhi,No,Yes,
CAN_EXT0100,Canada,Studying,Japan,2025-12-31,2026-01-07,,,Rejected,New Delhi,Yes,No,Offline
CAN_EXT0101,Canada,Studying,Nigeria,2025-03-12,2025-04-23,,,Approved,Abuja,Yes,Yes,
CAN_EXT0102,Canada,Visiting,Australia,2025-07-09,2025-07-19,,,Approved,New Delhi,No,Yes,
CAN_EXT0103,Canada,Studying,India,2025-07-09,2025-08-06,28.0,4.0,Approved,Mumbai,No,No,Online
CAN_EXT0104,Canada,Studying,Australia,2025-05-06,2025-06-17,42.0,6.0,Rejected,New Delhi,Yes,Yes,
CAN_EXT0105,Canada,Studying,Bangladesh,2025-08-27,2025-09-24,28.0,4.0,Rejected,Dhaka,Yes,Yes,Offline
CAN_EXT0106,Canada,Studying,Bangladesh,2025-10-29,2025-11-26,,,Rejected,Dhaka,No,Yes,Offline
CAN_EXT0107,Canada,Studying,Nigeria,2025-10-29,2025-12-24,56.0,8.0,Rejected,Lagos,Yes,Yes,Online
CAN_EXT0108,Canada,Visiting,Philippines,2025-11-26,2025-12-16,,,Rejected,Manila,Yes,No,Offline
CAN_EXT0109,Canada,Working,India,2025-11-26,2026-02-04,70.0,10.0,Approved,Bengaluru,No,Yes,
CAN_EXT0110,Canada,Studying,United Kingdom,2025-05-06,2025-05-27,21.0,3.0,Approved,New Delhi,Yes,No,Offline
CAN_EXT0111,Canada,Studying,India,2025-05-06,2025-07-01,,,Rejected,New Delhi,Yes,No,Offline
CAN_EXT0112,Canada,Working,China,2025-12-31,2026-02-25,,,Rejected,New Delhi,No,No,Online
CAN_EXT0113,Canada,Working,Philippines,2025-08-27,2025-10-01,35.0,5.0,Approved,Manila,Yes,No,
CAN_EXT0114,Canada,Studying,Bangladesh,2025-03-12,2025-04-30,49.0,7.0,Rejected,Dhaka,No,Yes,
CAN_EXT0115,Canada,Visiting,United Kingdom,2025-08-27,2025-10-26,60.0,8.57,Approved,New Delhi,No,Yes,Online
CAN_EXT0116,Canada,Visiting,Australia,2025-08-27,2025-09-08,,,Approved,New Delhi,Yes,No,Online
CAN_EXT0117,Canada,Studying,Nigeria,2025-09-24,2025-11-12,49.0,7.0,Rejected,Lagos,No,Yes,
CAN_EXT0118,Canada,Studying,United States of America,2025-08-27,2025-10-29,,,Approved,New Delhi,Yes,Yes,Offline
CAN_EXT0119,Canada,Visiting,China,2025-08-27,2025-09-22,,,Approved,New Delhi,Yes,Yes,
CAN_EXT0120,Canada,Studying,Bangladesh,2025-05-06,2025-06-10,35.0,5.0,Rejected,Dhaka,No,Yes,
CAN_EXT0121,Canada,Studying,United States of America,2025-12-31,2026-02-11,42.0,6.0,Rejected,New Delhi,No,Yes,
CAN_EXT0122,Canada,Visiting,Japan,2025-07-09,2025-07-31,22.0,3.14,Rejected,New Delhi,Yes,Yes,
CAN_EXT0123,Canada,Working,India,2025-11-26,2026-02-04,,,Rejected,Bengaluru,No,Yes,
CAN_EXT0124,Canada,Studying,United States of America,2025-12-31,2026-02-11,42.0,6.0,Rejected,New Delhi,No,Yes,
CAN_EXT0125,Canada,Studying,Australia,2025-08-05,2025-09-30,56.0,8.0,Approved,New Delhi,Yes,Yes,Online
CAN_EXT0126,Canada,Working,Nigeria,2025-10-29,2026-01-07,70.0,10.0,Approved,Lagos,No,No,
CAN_EXT0127,Canada,Studying,Japan,2025-11-26,2025-12-03,7.0,1.0,Approved,New Delhi,No,No,Offline
CAN_EXT0128,Canada,Visiting,Australia,2025-10-29,2025-11-15,17.0,2.43,Approved,New Delhi,Yes,Yes,Offline
CAN_EXT0129,Canada,Visiting,China,2025-03-12,2025-04-15,34.0,4.86,Rejected,New Delhi,No,Yes,Offline
CAN_EXT0130,Canada,Working,Nigeria,2025-06-03,2025-09-23,,,Approved,Lagos,Yes,Yes,Offline
CAN_EXT0131,Canada,Working,Australia,2025-08-27,2025-09-24,28.0,4.0,Rejected,New Delhi,No,Yes,
CAN_EXT0132,Canada,Working,Nigeria,2025-03-12,2025-06-04,84.0,12.0,Approved,Lagos,No,No,
CAN_EXT0133,Canada,Studying,China,2025-08-05,2025-09-02,28.0,4.0,Rejected,New Delhi,Yes,No,
CAN_EXT0134,Canada,Studying,United States of America,2025-04-09,2025-05-21,42.0,6.0,Rejected,New Delhi,Yes,No,Online
CAN_EXT0135,Canada,Studying,Philippines,2025-05-06,2025-07-15,,,Rejected,Manila,Yes,No,Offline
CAN_EXT0136,Canada,Visiting,China,2025-06-03,2025-06-26,,,Approved,New Delhi,No,Yes,Offline
CAN_EXT0137,Canada,Visiting,Philippines,2025-06-03,2025-07-03,30.0,4.29,Approved,Manila,Yes,Yes,Online
CAN_EXT0138,Canada,Visiting,Philippines,2025-06-03,2025-07-03,,,Rejected,Manila,Yes,No,
CAN_EXT0139,Canada,Working,United States of America,2025-10-29,2025-11-26,,,Rejected,New Delhi,No,Yes,
CAN_EXT0140,Canada,Working,Japan,2025-03-12,2025-04-02,,,Approved,New Delhi,Yes,Yes,Offline
CAN_EXT0141,Canada,Visiting,Australia,2025-12-31,2026-01-05,,,Approved,New Delhi,Yes,Yes,
CAN_EXT0142,Canada,Working,China,2025-08-27,2025-10-08,42.0,6.0,Rejected,New Delhi,No,No,
CAN_EXT0143,Canada,Working,United States of America,2025-08-27,2025-09-24,,,Rejected,New Delhi,No,No,Offline
CAN_EXT0144,Canada,Working,Philippines,2025-10-29,2025-12-17,49.0,7.0,Rejected,Manila,No,No,Online
CAN_EXT0145,Canada,Working,India,2025-04-09,2025-08-20,133.0,19.0,Rejected,Bengaluru,Yes,Yes,Offline
CAN_EXT0146,Canada,Working,United States of America,2025-08-27,2025-09-24,28.0,4.0,Approved,New Delhi,Yes,No,Offline
CAN_EXT0147,Canada,Study - student,All,2023-06-09,2023-06-30,21.0,3.0,Rejected,New Delhi,Yes,Yes,Online
CAN_EXT0148,Canada,Visiting,United Kingdom,2025-12-31,2026-02-19,,,Rejected,New Delhi,Yes,No,Online
CAN_EXT0149,Canada,Working,Nigeria,2025-09-24,2025-12-17,,,Approved,Lagos,Yes,Yes,Online
